idx	kind	line	lhs	verdict	issues	ambiguity	noparse	treediff	wrongaccept	crash	unhandled	matching	secs	annotation
0	excludedFrom	109	moduleSelector	failed	3	0	0	0	3	0	0	1686	85.5	@excludedFrom(valueBindingPattern)
1	longest	195	literal	passed	0	0	0	0	0	0	0	1686	77.7	@longest
2	excludedFrom	265	staticStringLiteral	failed	1	0	0	0	1	0	0	1686	84.3	@excludedFrom(availableAttribute)
3	excludedFrom	266	staticStringLiteral	failed	1	0	0	0	1	0	0	1686	82.7	@excludedFrom(availableAttribute)
4	excludedFrom	268	interpolatedStringLiteral	passed	0	0	0	0	0	0	0	1686	77.8	@excludedFrom(availableAttribute)
5	excludedFrom	269	interpolatedStringLiteral	passed	0	0	0	0	0	0	0	1686	77.5	@excludedFrom(availableAttribute)
6	sameLine	274	interpolatedStringLiteral	failed	3	0	0	0	3	0	0	1686	84.2	@sameLine
7	cannotParse	590	operator	failed	2	0	0	0	2	0	0	1686	82.0	@cannotParse( regularExpressionLiteral )
8	prefer	652	type	failed	16	8	0	8	0	0	0	1678	85.3	@prefer
9	longest	916	expression	failed	8	8	0	0	0	0	0	1686	85.6	@longest
10	shortest	917	prefixExpression	failed	2	2	0	0	0	0	0	1686	82.3	@shortest
11	prefer	939	prefixExpression	passed	0	0	0	0	0	0	0	1686	77.2	@prefer
12	prefer	940	prefixExpression	passed	0	0	0	0	0	0	0	1686	77.3	@prefer
13	prefer	941	prefixExpression	passed	0	0	0	0	0	0	0	1686	77.2	@prefer
14	prefer	942	prefixExpression	failed	7	3	0	4	0	0	0	1683	84.3	@prefer
15	longest	991	awaitOperator	failed	61	61	0	0	0	0	0	1686	138.0	@longest
16	cannotParse	992	infixExpression	failed	1	0	0	0	1	0	0	1686	84.7	@cannotParse( genericArgumentClause )
17	cannotParse	992	infixExpression	passed	0	0	0	0	0	0	0	1686	76.8	@cannotParse( regularExpressionLiteral )
18	longest	1028	infixExpressions	passed	0	0	0	0	0	0	0	1686	77.4	@longest
19	longest	1096	primaryExpression	passed	0	0	0	0	0	0	0	1686	77.4	@longest
20	longest	1104	primaryExpression	passed	0	0	0	0	0	0	0	1686	77.6	@longest
21	prefer	1129	primaryExpression	failed	15	15	0	0	0	0	0	1686	92.2	@prefer
22	cannotParse	1129	primaryExpression	failed	1	0	0	1	0	0	0	1685	82.2	@cannotParse( parenthesisedSpecifierType )
23	longest	1156	primaryExpression	passed	0	0	0	0	0	0	0	1686	77.6	@longest
24	prefer	1177	nonLiteralPrimary	passed	0	0	0	0	0	0	0	1686	76.6	@prefer
25	prefer	1209	arrayLiteralItem	failed	41	41	0	0	0	0	0	1686	110.2	@prefer
26	cannotParse	1209	arrayLiteralItem	failed	1	0	0	1	0	0	0	1685	86.8	@cannotParse( parenthesisedTypeSpecifier )
27	prefer	1223	dictionaryLiteralElement	failed	19	19	0	0	0	0	0	1686	94.6	@prefer
28	excludedFrom	1331	closureExpression	failed	20	0	12	1	0	0	0	1679	80.0	@excludedFrom(conditionExpression)
29	excludedFrom	1331	closureExpression	failed	4	0	2	0	0	0	0	1685	79.0	@excludedFrom(trailingClosures)
30	shortest	1363	closureParameter	failed	1	1	0	0	0	0	0	1686	77.7	@shortest
31	shortest	1364	closureParameter	passed	0	0	0	0	0	0	0	1686	71.7	@shortest
32	longest	1412	wildcardExpression	failed	1	1	0	0	0	0	0	1686	81.0	@longest
33	longest	1455	macroExpansionExpression	passed	0	0	0	0	0	0	0	1686	71.4	@longest
34	prefer	1456	keyPathExpression	failed	2	2	0	0	0	0	0	1686	79.8	@prefer
35	longest	1458	keyPathExpression	passed	0	0	0	0	0	0	0	1686	71.6	@longest
36	longest	1461	keyPathExpression	failed	2	2	0	0	0	0	0	1686	81.1	@longest
37	prefer	1463	keyPathRootBase	passed	0	0	0	0	0	0	0	1686	71.3	@prefer
38	prefer	1561	postfixExpression	failed	3	3	0	0	0	0	0	1686	78.6	@prefer
39	cannotParse	1561	postfixExpression	passed	0	0	0	0	0	0	0	1686	71.5	@cannotParse( keyPathExpression )
40	cannotParse	1562	postfixExpression	failed	1	0	0	0	1	0	0	1686	81.7	@cannotParse( keyPathExpression )
41	cannotParse	1563	postfixExpression	passed	0	0	0	0	0	0	0	1686	71.6	@cannotParse( keyPathExpression )
42	prefer	1581	nonLiteralPostfix	passed	0	0	0	0	0	0	0	1686	70.9	@prefer
43	prefer	1608	functionCallExpression	failed	5	5	0	0	0	0	0	1686	79.9	@prefer
44	longest	1637	functionCallArgumentList	passed	0	0	0	0	0	0	0	1686	71.7	@longest
45	prefer	1638	functionCallArgument	passed	0	0	0	0	0	0	0	1686	71.7	@prefer
46	prefer	1639	functionCallArgument	passed	0	0	0	0	0	0	0	1686	71.6	@prefer
47	cannotParse	1669	trailingClosures	failed	2	0	0	1	1	0	0	1685	80.5	@cannotParse(willSetDidSetBlock accessorBlockBrace)
48	excludedFrom	1671	trailingClosures	failed	3	0	0	0	3	0	0	1686	82.3	@excludedFrom(conditionExpression)
49	cannotParse	1671	trailingClosures	passed	0	0	0	0	0	0	0	1686	72.3	@cannotParse(willSetDidSetBlock accessorBlockBrace)
50	prefer	1736	explicitMemberExpression	passed	0	0	0	0	0	0	0	1686	72.0	@prefer
51	cannotParse	1736	explicitMemberExpression	failed	1	0	0	0	1	0	0	1686	81.1	@cannotParse( keyPathExpression )
52	cannotParse	1833	statement	failed	5	3	0	1	1	0	0	1685	81.0	@cannotParse(declaration attributes)
53	prefer	1840	statement	passed	0	0	0	0	0	0	0	1686	71.0	@prefer
54	confinedTo	2251	declaration	failed	1	0	0	0	1	0	0	1686	81.1	@confinedTo(memberDeclaration)
55	prefer	2391	getterSetterBlock	failed	50	23	0	27	0	0	0	1663	91.4	@prefer
56	cannotParse	2410	initializedAccessorBlock	failed	3	1	0	1	1	0	0	1685	81.9	@cannotParse(accessorBlockBrace)
57	excludedFrom	2413	initializedAccessorBlock	failed	2	1	0	0	1	0	0	1686	78.3	@excludedFrom(variableDeclaration)
58	longest	2504	typealiasAssignment	failed	1	1	0	0	0	0	0	1686	78.4	@longest
59	shortest	2537	parameter	failed	6	5	0	1	0	0	0	1685	82.0	@shortest
60	shortest	2538	parameter	passed	0	0	0	0	0	0	0	1686	71.8	@shortest
61	prefer	3275	matchPattern	failed	107	69	0	38	0	0	4	1648	133.5	@prefer
62	confinedTo	3295	identifierPattern	failed	1	0	0	0	1	0	0	1686	82.3	@confinedTo(optionalBindingCondition)
